https://www.wikifx.comhttps://www.wikifx.com/Contentgj/js/loadsh.js,https://www.wikifx.com/Contentgj/js/loadsh.js
https:https:,https:
https: https:,https:
https:https:,https:
href=/path,href=https://www.wikifx.com/path
/path/regulator,https://path/regulator
//u.wikifx.com,https://u.wikifx.com
/path/GetRecommendCountry.html,http://www.wikifx.com/path/GetRecommendCountry.html
/Contentgj/images/default.png,https://www.wikifx.com/Contentgj/images/default.png
https://www.wikifx.comhttps://,https://
https://www.wikifx.comhttp://,https://
https://www.wikifx.com/Contentgj/js/Common.js?,Common.js?
